sub_category,complaints,share_percent
Street Light Not Working,39847,31.38
Garbage dump,16137,12.71
Garbage vehicle not arrived,12135,9.56
Sweeping not done,3641,2.87
Road side drains,3269,2.57
obstructions Branches / Trees.,3161,2.49
Potholes,3088,2.43
Removal of dead/fallen trees,2884,2.27
Stray dog related complaints,2775,2.19
Road Infrastructure,2662,2.1
Others,2103,1.66
Debris Removal / Construction Material,1900,1.5
Garbage dumping in vacant sites,1621,1.28
Dead animal(s),1487,1.17
footpath encroachment,1360,1.07
water stagnation,1280,1.01
Burning of Garbage in Open Space,1248,0.98
Road cutting,1183,0.93
Dengue positive,1134,0.89
Requirement For New Street Lights,1111,0.87
Animal Rescue - Not well - Requires attention,1064,0.84
Animal birth control/neutering of stray dogs,975,0.77
Footpath,971,0.76
Ekhata missing in online,957,0.75
ekhata approval pending with ARO,944,0.74
Other Khata / ekhata issues,871,0.69
UnAuthorised Constructions,778,0.61
Increase in mosquito density,774,0.61
Fatally injured - Needs immediate attention,707,0.56
Stray/Rabid dog bite,702,0.55
Complaint against SW collector/ SWM official for violation of SWM Rules,702,0.55
"Khata Services (Registration, Transfer, Bifurcation and Amalgamation)",701,0.55
Flex and banners,634,0.5
Street Lights Switched On During Day Time,611,0.48
Garbage transfer not as per norms & area not kept clean,560,0.44
Maintenance of SWD,547,0.43
Air/Noise pollution,504,0.4
Issues Related to Parks/Medians/Circles/Island.,497,0.39
Ekhata - name correction,484,0.38
Anti Rabies Vaccination of stray dogs,365,0.29
Fogging,356,0.28
Sewerage water left in SWD,290,0.23
Ekhata Other corrections,283,0.22
Public dustbins not cleaned,282,0.22
Garbage nuisance while transporting,281,0.22
Issues related Snakes/Birds/Monkeys,280,0.22
UnAuthorised Building Constructions,275,0.22
Spraying,274,0.22
Park Lights Not Working,262,0.21
Water related issue,261,0.21
water leakage on road,226,0.18
Encroachment,222,0.17
Stray cattle related complaints,215,0.17
Others (JC),205,0.16
Unhygienic premises in Hotel etc,200,0.16
Urination in Public/Open Defecation,197,0.16
Discrepancy In Khata Certificate and Khata Extract,192,0.15
Construction not done as per approved plan (Building Bye Law Violations),192,0.15
Technical Issue In Ekhata,188,0.15
Mutton/Chicken/fish stall Unhygienic maintenance,182,0.14
Earthing Issue relate to Electric Poles/Panel Boards,177,0.14
Gym/Children Play equipment in the parks,167,0.13
Khata / Ekhata mutation / transfer,157,0.12
TEC,153,0.12
Garbage thrown in storm water drain,150,0.12
Open Electrical Junction Box,131,0.1
Unable to generate the property tax challan,127,0.1
Lake not maintained properly,123,0.1
shifting of the street dogs to other places,104,0.08
Ekhata Area Correction,101,0.08
Overhanging cables,95,0.07
"Dog, cat Poor conditions / Breeding license validation",92,0.07
Noise during Building Construction,89,0.07
Sewage inflow to lake,79,0.06
new Khata / Ekhata registration / creation,78,0.06
Animal Cruelty/Ill-Treated / Abused,75,0.06
Food Quality,73,0.06
Public toilet(s) blockage,69,0.05
Environmental protection,69,0.05
Unsafe Hoardings,65,0.05
Ekhata in previous owner name,63,0.05
Pet dog licence,58,0.05
Unable to Generate the receipt after property tax payment.,58,0.05
Segregation of waste is not done,57,0.04
Play Grounds,43,0.03
Other property tax issues,43,0.03
Without permission digging of road,40,0.03
eKhata - name Mismatch,40,0.03
Animal caught disease post surgery,39,0.03
Zonal Violation of the Building,38,0.03
others,37,0.03
Dog bite pet dog,35,0.03
Public toilet(s) cleaning,35,0.03
Call center Issues,35,0.03
App Related Issues,34,0.03
Dumping of garbage into lake,33,0.03
Others(Technical or Software Issues),32,0.03
Animal Cruelty/Relocated,32,0.03
Request for ABC,32,0.03
Stray pig related complaints,32,0.03
Property tax owner name not updated,32,0.03
Use of banned single use plastic,29,0.02
Food Quantity,28,0.02
Birth & Death Registration,25,0.02
Feeder Harassment by Association / Gated Community,24,0.02
Street dogs attacking-pet Dogs,23,0.02
Do not issue ekhata,23,0.02
Lake being encroached,23,0.02
Aged street dogs please take action,21,0.02
Animal Death Need cremartion support,21,0.02
Road furnitures,21,0.02
Delay in issue of Trade licence,21,0.02
Feeder Harassment  by Individual / Mob but no association,20,0.02
Indira Canteen,19,0.01
Staff Related,19,0.01
Unavailability of staff,18,0.01
Unable to generate receipt after property tax payment,17,0.01
Lake fencing damaged,16,0.01
Delay in issuing building permit,16,0.01
Onti Mane,16,0.01
"""Pet licensing / Pet shop licensing  / Breeder licensing """,13,0.01
Request for New feeder Points,13,0.01
Illegal pet shop / Animal cruelty / license check,12,0.01
unable to generate property tax challan,12,0.01
Street dog Adaptation process details,11,0.01
Awareness session / Request for a session,11,0.01
Lake gates are not opened as per the prescribed timing,11,0.01
Issues in property tax portal,11,0.01
Dumping of construction & Demolition waste in to lake,10,0.01
Inspection not done,10,0.01
Property tax refund / adjustment,10,0.01
Unhygienic  premises in hospital,9,0.01
Dying of fishes in lake,8,0.01
No water supply in public toilet(s),8,0.01
Insufficient lake security personnel,8,0.01
Trade License,7,0.01
Violation of rules by Shop rent / Leaser,7,0.01
Violation of rules by property Leasers,7,0.01
Animal died post surgery,7,0.01
Illegal Parking,7,0.01
Infrastructure related Issues.,7,0.01
Stockout,6,0.0
Drainage blockage,6,0.0
Lake water misused,6,0.0
Stagnation of water on road/ Water logging,5,0.0
Cleanliness of Canteen /Food Area,5,0.0
Overcharging,5,0.0
Cleanliness,5,0.0
Water quality,5,0.0
Women Welfare Program,5,0.0
Senior  Citizen,4,0.0
Request for ARV,4,0.0
Billing related,4,0.0
Non availability of drugs,4,0.0
Academic Issues.,4,0.0
Epic Details Corrections,4,0.0
Collect the food available to feed dogs,3,0.0
Animal Death Need to file FIR,3,0.0
Animal Surgery gone wrong,3,0.0
Electoral Roll Objections,3,0.0
Schemes Related to BCM Program,3,0.0
Issues Regarding SC/ST Schemes.,3,0.0
No electricity in public toilet(s),2,0.0
BBMP  Properties Lease issues,2,0.0
Garbage In Market Premises,2,0.0
Non availability of vaccines,2,0.0
Some other person affected from COVID,2,0.0
Cleanliness of Utensils,2,0.0
Illegal meat shop / Animal cruelty / license check,2,0.0
Parent-Teachers Meeting,2,0.0
Government regulations not being followed,2,0.0
Examination Related Issues,1,0.0
Need NGO's location and details,1,0.0
Payment/Rent issues,1,0.0
Street light issues,1,0.0
Animal died post vaccination,1,0.0
Schemes Related to Physically Abled Person,1,0.0
eKhata amalgamation,1,0.0
Rent Payment,1,0.0
