ward,complaints,share_percent
Horamavu,3128,2.46
Jnanabharathi Ward,2842,2.24
Thanisandra,2480,1.95
Hemmigepura,2415,1.9
Jakkur,2408,1.9
Rajarajeshwari Nagar,2401,1.89
Begur,2338,1.84
Bellandur,2257,1.78
Someshwara,2114,1.66
Uttarahalli,2072,1.63
Hoodi,1956,1.54
Ullalu,1905,1.5
Gottigere,1866,1.47
Dodda Bidarkallu,1818,1.43
Banaswadi,1707,1.34
Varthur,1598,1.26
Ramamurthy Nagar,1583,1.25
Vasanthapura,1566,1.23
HSR Layout,1522,1.2
Doddanekkundi,1514,1.19
Kottigepalya,1512,1.19
Vidyaranyapura,1467,1.16
Herohalli,1446,1.14
Singasandra,1405,1.11
Basavanapura,1269,1.0
Byatarayanapura,1245,0.98
Hagadooru,1245,0.98
HBR Layout,1236,0.97
Kodigehalli,1190,0.94
Yelachenahalli,1184,0.93
Shettyhalli,1116,0.88
Giri Nagar,1051,0.83
Vignana Nagar,1051,0.83
Konanakunte,1047,0.82
Arakere,1035,0.82
Kengeri,1028,0.81
Kavalbyrasandra,1027,0.81
Kuvempu Nagar,1023,0.81
BTM Layout,1009,0.79
Benniganahalli,998,0.79
K.R.Puram,922,0.73
Padmanabha Nagar,907,0.71
Kumaraswamy Layout,899,0.71
Anjanapur,878,0.69
Chikpete,860,0.68
Shanthala Nagar,860,0.68
Bagalagunte,838,0.66
Kadugodi,833,0.66
Hoysala Nagar,816,0.64
Bilekahalli,814,0.64
Vishwanathnagenahalli,798,0.63
Jayangar,789,0.62
J.P.Nagar,737,0.58
Kempegowda Ward,734,0.58
Manorayanapalya,725,0.57
Vidyapeetha,725,0.57
Attiguppe,720,0.57
Pattabhiram Nagar,702,0.55
Sarakki,688,0.54
Mangammanapalya,686,0.54
Newthippasandra,647,0.51
Yelahanka old Satellite Town,638,0.5
Maruthi Seva Nagar,635,0.5
Sanjay Nagar,630,0.5
C.V.Raman Nagar,620,0.49
Sunkenahalli,618,0.49
Visvesvarapuram,613,0.48
Garudacharpalya,609,0.48
Katriguppe,604,0.48
Hampi Nagar,598,0.47
Bommanahalli,574,0.45
Basavanagudi,567,0.45
Koramangala,567,0.45
Sampangiram Nagar,566,0.45
Nagapura,552,0.43
Hombegowda Nagar,544,0.43
Hebbal,539,0.42
Kadugondanahalli,535,0.42
Laggere,525,0.41
Shakambari Nagar,521,0.41
Nagavara,507,0.4
Kacharakanahalli,504,0.4
Ganeshmandira Ward,496,0.39
Marathalli,494,0.39
Peenya Industrial Area,491,0.39
Malleshwaram,490,0.39
Radhakrishna Temple,488,0.38
Vijanapura,486,0.38
Jeevanbhima Nagar,481,0.38
Jogupalya,477,0.38
Puttenahalli,475,0.37
Chokkasandra,458,0.36
Jayanagar East,444,0.35
A.Narayanapura,439,0.35
Sagayapuram,437,0.34
Hegganahalli,436,0.34
Pulikeshi Nagar,435,0.34
Dharmarayaswamy Temple Ward,434,0.34
Kammanahalli,431,0.34
Madiwala,431,0.34
Gandhi Nagar,430,0.34
Vijay Nagar,421,0.33
Byrasandra,421,0.33
Hongasandra,402,0.32
Aramane Nagar,391,0.31
Sri Rammandira,390,0.31
Rajagopala Nagar,389,0.31
Doddabommasandra,389,0.31
Banashankari Temple Ward,381,0.3
Sarvagna Nagar,370,0.29
Konena Agrahara,364,0.29
Shanthi Nagar,363,0.29
Domlur,361,0.28
Nandini Layout,360,0.28
Vannarpet,359,0.28
Subedarapalya,355,0.28
Ejipura,348,0.27
H.M.T,346,0.27
Ganga Nagar,342,0.27
Chikkalasandra,341,0.27
Hosakerehalli,341,0.27
Chamrajpet,339,0.27
Sri Nagar,336,0.26
Rajaji Nagar,323,0.25
HAL Airport,322,0.25
Vasanth Nagar,321,0.25
Hosahalli,318,0.25
Mahalakshmipuram,311,0.24
Sudam Nagar,303,0.24
Sudduguntepalya,303,0.24
Bapuji Nagar,301,0.24
Shankaramata,299,0.24
Dr.Rajkumar Ward,297,0.23
Lingarajapuram,294,0.23
Jagajeevanram Nagar,290,0.23
Hanumantha Nagar,288,0.23
K.R.Market,287,0.23
Jayachamarajendra Nagar,285,0.22
T-Dasarahalli,283,0.22
Chowdeshwari Ward,281,0.22
Bharathi Nagar,280,0.22
Basaveshwara Nagar,278,0.22
Jaraganahalli,278,0.22
Ulsoor,277,0.22
J.P.Park,274,0.22
Mathikere,269,0.21
Nagarabhavi,268,0.21
Shiva Nagar,265,0.21
Siddapura,265,0.21
Shakthiganapathi Nagar,258,0.2
Deepanjali Nagar,252,0.2
Yadiyuru,246,0.19
Subramanya Nagar,245,0.19
Gurappanapalya,241,0.19
Rajamahal,237,0.19
Devasandra,236,0.19
Jakkasandra,234,0.18
Jalahalli,234,0.18
Shivaji Nagar,233,0.18
Yeshwanthpur,231,0.18
Govindraja Nagara,231,0.18
Kushal Nagar,230,0.18
Gayathri Nagar,229,0.18
Lakkasandra,222,0.17
Azad Nagar,215,0.17
Kaveripura,213,0.17
Dattathreya Temple,210,0.17
Maruthi Mandira Ward,204,0.16
Kamakshipalya,201,0.16
Marenahalli,199,0.16
Ramaswamy Palya,197,0.16
Gali Anjaneya Swamy Temple Ward,196,0.15
Karisandra,196,0.15
Jayamahal,185,0.15
Kempapura Agrahara,185,0.15
Mallasandra,184,0.14
Agaram,184,0.14
Muneshwara Nagar,183,0.14
Marappana Palya,173,0.14
Adugodi,168,0.13
S.K.Garden,162,0.13
Cottonpet,161,0.13
Gangenahalli,153,0.12
Binnipet,151,0.12
Moodalapalya,139,0.11
Nayandanahalli,138,0.11
Chalavadipalya,137,0.11
Neelasandra,128,0.1
Agrahara Dasarahalli,124,0.1
Prakash Nagar,118,0.09
Lakshmidevi Nagar,113,0.09
Devarajeevanahalli,105,0.08
Vrushabhavati Nagar,105,0.08
Okalipuram,96,0.08
Rayapuram,93,0.07
Dayananda Nagar,91,0.07
Padarayanapura,90,0.07
Subhash Nagar,76,0.06
NON Ward,2,0.0
